37207,2013-01-02,48,119624,38.0,,
77506,2013-01-03,48,119624,29.0,,
117451,2013-01-04,48,119624,40.0,,
159711,2013-01-05,48,119624,53.0,,
201600,2013-01-06,48,119624,62.0,,
241282,2013-01-07,48,119624,13.0,,
280509,2013-01-08,48,119624,13.0,,
319491,2013-01-09,48,119624,12.0,,
357947,2013-01-10,48,119624,11.0,,
397038,2013-01-11,48,119624,18.0,,
438921,2013-01-12,48,119624,18.0,,
480952,2013-01-13,48,119624,17.0,,
520784,2013-01-14,48,119624,4.0,,
560413,2013-01-15,48,119624,8.0,,
600354,2013-01-16,48,119624,7.0,,
639720,2013-01-17,48,119624,8.0,,
679369,2013-01-18,48,119624,12.0,,
722368,2013-01-19,48,119624,34.0,,
764805,2013-01-20,48,119624,40.0,,
805260,2013-01-21,48,119624,9.0,,
844807,2013-01-22,48,119624,7.0,,
884128,2013-01-23,48,119624,12.0,,
922869,2013-01-24,48,119624,8.0,,
962590,2013-01-25,48,119624,13.0,,
1005392,2013-01-26,48,119624,44.0,,
1047594,2013-01-27,48,119624,29.0,,
1087841,2013-01-28,48,119624,14.0,,
1127355,2013-01-29,48,119624,11.0,,
1167110,2013-01-30,48,119624,6.0,,
1207167,2013-01-31,48,119624,13.0,,
1249256,2013-02-01,48,119624,25.0,,
1294168,2013-02-02,48,119624,24.0,,
1337731,2013-02-03,48,119624,19.0,,
1379547,2013-02-04,48,119624,4.0,,
1420739,2013-02-05,48,119624,9.0,,
1461701,2013-02-06,48,119624,6.0,,
1502229,2013-02-07,48,119624,10.0,,
1543755,2013-02-08,48,119624,22.0,,
1587398,2013-02-09,48,119624,35.0,,
1627288,2013-02-10,48,119624,19.0,,
1665984,2013-02-11,48,119624,23.0,,
1705697,2013-02-12,48,119624,14.0,,
1747125,2013-02-13,48,119624,4.0,,
1787609,2013-02-14,48,119624,10.0,,
1828680,2013-02-15,48,119624,5.0,,
1872345,2013-02-16,48,119624,27.0,,
1914064,2013-02-17,48,119624,13.0,,
1955539,2013-02-18,48,119624,7.0,,
1996141,2013-02-19,48,119624,3.0,,
2037196,2013-02-20,48,119624,5.0,,
2077377,2013-02-21,48,119624,5.0,,
2117822,2013-02-22,48,119624,7.0,,
2161124,2013-02-23,48,119624,10.0,,
2204232,2013-02-24,48,119624,13.0,,
2245602,2013-02-25,48,119624,7.0,,
2286136,2013-02-26,48,119624,7.0,,
2326595,2013-02-27,48,119624,11.0,,
2367426,2013-02-28,48,119624,15.0,,
2410384,2013-03-01,48,119624,16.0,,
2456022,2013-03-02,48,119624,13.0,,
2500538,2013-03-03,48,119624,17.0,,
2543581,2013-03-04,48,119624,5.0,,
2585476,2013-03-05,48,119624,6.0,,
2627331,2013-03-06,48,119624,7.0,,
2668476,2013-03-07,48,119624,7.0,,
2709504,2013-03-08,48,119624,15.0,,
2753614,2013-03-09,48,119624,13.0,,
2797093,2013-03-10,48,119624,18.0,,
2838725,2013-03-11,48,119624,5.0,,
2879045,2013-03-12,48,119624,2.0,,
2919481,2013-03-13,48,119624,6.0,,
2959230,2013-03-14,48,119624,3.0,,
3000506,2013-03-15,48,119624,12.0,,
3045829,2013-03-16,48,119624,16.0,,
3090901,2013-03-17,48,119624,18.0,,
3133634,2013-03-18,48,119624,6.0,,
3175606,2013-03-19,48,119624,7.0,,
3217964,2013-03-20,48,119624,8.0,,
3259208,2013-03-21,48,119624,10.0,,
3301005,2013-03-22,48,119624,13.0,,
3346071,2013-03-23,48,119624,21.0,,
3390168,2013-03-24,48,119624,25.0,,
3432496,2013-03-25,48,119624,4.0,,
3473673,2013-03-26,48,119624,8.0,,
3515126,2013-03-27,48,119624,15.0,,
3557947,2013-03-28,48,119624,15.0,,
3600222,2013-03-29,48,119624,22.0,,
3645091,2013-03-30,48,119624,31.0,,
3688818,2013-03-31,48,119624,25.0,,
3733014,2013-04-01,48,119624,9.0,,
3776430,2013-04-02,48,119624,5.0,,
3819583,2013-04-03,48,119624,12.0,,
3861751,2013-04-04,48,119624,16.0,,
3904124,2013-04-05,48,119624,39.0,,
3949682,2013-04-06,48,119624,44.0,,
3994318,2013-04-07,48,119624,37.0,,
4037093,2013-04-08,48,119624,10.0,,
4078680,2013-04-09,48,119624,6.0,,
4120394,2013-04-10,48,119624,5.0,,
4161798,2013-04-11,48,119624,5.0,,
4203942,2013-04-12,48,119624,17.0,,
4248869,2013-04-13,48,119624,10.0,,
4293091,2013-04-14,48,119624,25.0,,
4335883,2013-04-15,48,119624,9.0,,
4378348,2013-04-16,48,119624,9.0,,
4420571,2013-04-17,48,119624,10.0,,
4461484,2013-04-18,48,119624,1.0,,
4503152,2013-04-19,48,119624,15.0,,
4547907,2013-04-20,48,119624,13.0,,
4592169,2013-04-21,48,119624,18.0,,
4634628,2013-04-22,48,119624,3.0,,
4717868,2013-04-24,48,119624,5.0,,
4758562,2013-04-25,48,119624,6.0,,
4799947,2013-04-26,48,119624,12.0,,
4844770,2013-04-27,48,119624,20.0,,
4889008,2013-04-28,48,119624,26.0,,
4931402,2013-04-29,48,119624,5.0,,
4973552,2013-04-30,48,119624,2.0,,
5018507,2013-05-01,48,119624,20.0,,
5061769,2013-05-02,48,119624,4.0,,
5104875,2013-05-03,48,119624,5.0,,
5150964,2013-05-04,48,119624,19.0,,
5196703,2013-05-05,48,119624,27.0,,
5239976,2013-05-06,48,119624,7.0,,
5282128,2013-05-07,48,119624,3.0,,
5324214,2013-05-08,48,119624,3.0,,
5366934,2013-05-09,48,119624,2.0,,
5410141,2013-05-10,48,119624,15.0,,
5457123,2013-05-11,48,119624,34.0,,
5501421,2013-05-12,48,119624,12.0,,
5545034,2013-05-13,48,119624,6.0,,
5587810,2013-05-14,48,119624,4.0,,
5630968,2013-05-15,48,119624,5.0,,
5673822,2013-05-16,48,119624,4.0,,
5717087,2013-05-17,48,119624,11.0,,
5763819,2013-05-18,48,119624,13.0,,
5809916,2013-05-19,48,119624,14.0,,
5853928,2013-05-20,48,119624,3.0,,
5896597,2013-05-21,48,119624,10.0,,
5939077,2013-05-22,48,119624,7.0,,
5981685,2013-05-23,48,119624,9.0,,
6026748,2013-05-24,48,119624,15.0,,
6072807,2013-05-25,48,119624,18.0,,
6118018,2013-05-26,48,119624,8.0,,
6161465,2013-05-27,48,119624,3.0,,
6247599,2013-05-29,48,119624,2.0,,
6290765,2013-05-30,48,119624,11.0,,
6334259,2013-05-31,48,119624,8.0,,
6382633,2013-06-01,48,119624,21.0,,
6430563,2013-06-02,48,119624,13.0,,
6476543,2013-06-03,48,119624,3.0,,
6521367,2013-06-04,48,119624,10.0,,
6566139,2013-06-05,48,119624,3.0,,
6609906,2013-06-06,48,119624,8.0,,
6654223,2013-06-07,48,119624,7.0,,
6701351,2013-06-08,48,119624,21.0,,
6748237,2013-06-09,48,119624,13.0,,
6792852,2013-06-10,48,119624,6.0,,
6835780,2013-06-11,48,119624,4.0,,
6879289,2013-06-12,48,119624,1.0,,
6922189,2013-06-13,48,119624,9.0,,
6965921,2013-06-14,48,119624,16.0,,
7013968,2013-06-15,48,119624,28.0,,
7060002,2013-06-16,48,119624,30.0,,
7105013,2013-06-17,48,119624,1.0,,
7148931,2013-06-18,48,119624,8.0,,
7192348,2013-06-19,48,119624,1.0,,
7235948,2013-06-20,48,119624,9.0,,
7279741,2013-06-21,48,119624,12.0,,
7326910,2013-06-22,48,119624,14.0,,
7373915,2013-06-23,48,119624,12.0,,
7418433,2013-06-24,48,119624,5.0,,
7461928,2013-06-25,48,119624,5.0,,
7505375,2013-06-26,48,119624,1.0,,
7547971,2013-06-27,48,119624,1.0,,
7591988,2013-06-28,48,119624,8.0,,
7640207,2013-06-29,48,119624,15.0,,
7687675,2013-06-30,48,119624,13.0,,
7734456,2013-07-01,48,119624,5.0,,
7780332,2013-07-02,48,119624,2.0,,
7825627,2013-07-03,48,119624,5.0,,
7870307,2013-07-04,48,119624,5.0,,
7915024,2013-07-05,48,119624,7.0,,
7962849,2013-07-06,48,119624,17.0,,
8009881,2013-07-07,48,119624,13.0,,
8054232,2013-07-08,48,119624,6.0,,
8097732,2013-07-09,48,119624,5.0,,
8140643,2013-07-10,48,119624,1.0,,
8183164,2013-07-11,48,119624,1.0,,
8225924,2013-07-12,48,119624,12.0,,
8272154,2013-07-13,48,119624,17.0,,
8317558,2013-07-14,48,119624,10.0,,
8362027,2013-07-15,48,119624,4.0,,
8406125,2013-07-16,48,119624,3.0,,
8449830,2013-07-17,48,119624,4.0,,
8492529,2013-07-18,48,119624,6.0,,
8535836,2013-07-19,48,119624,4.0,,
8582258,2013-07-20,48,119624,17.0,,
8628025,2013-07-21,48,119624,7.0,,
8672624,2013-07-22,48,119624,5.0,,
8716668,2013-07-23,48,119624,3.0,,
8759890,2013-07-24,48,119624,4.0,,
8803610,2013-07-25,48,119624,6.0,,
8847377,2013-07-26,48,119624,12.0,,
8894025,2013-07-27,48,119624,16.0,,
8939642,2013-07-28,48,119624,10.0,,
8983902,2013-07-29,48,119624,4.0,,
9028072,2013-07-30,48,119624,3.0,,
9073503,2013-07-31,48,119624,8.0,,
9120127,2013-08-01,48,119624,10.0,,
9166526,2013-08-02,48,119624,10.0,,
9215417,2013-08-03,48,119624,16.0,,
9262973,2013-08-04,48,119624,12.0,,
9309525,2013-08-05,48,119624,4.0,,
9355087,2013-08-06,48,119624,5.0,,
9400074,2013-08-07,48,119624,7.0,,
9444665,2013-08-08,48,119624,8.0,,
9489398,2013-08-09,48,119624,7.0,,
9536531,2013-08-10,48,119624,16.0,,
9583012,2013-08-11,48,119624,13.0,,
9628653,2013-08-12,48,119624,2.0,,
9673376,2013-08-13,48,119624,4.0,,
9717626,2013-08-14,48,119624,3.0,,
9762151,2013-08-15,48,119624,10.0,,
9807744,2013-08-16,48,119624,7.0,,
9855636,2013-08-17,48,119624,9.0,,
9902714,2013-08-18,48,119624,10.0,,
9948296,2013-08-19,48,119624,5.0,,
9993822,2013-08-20,48,119624,3.0,,
10038743,2013-08-21,48,119624,6.0,,
10082718,2013-08-22,48,119624,5.0,,
10127406,2013-08-23,48,119624,6.0,,
10175166,2013-08-24,48,119624,15.0,,
10222025,2013-08-25,48,119624,10.0,,
10267497,2013-08-26,48,119624,5.0,,
10312247,2013-08-27,48,119624,5.0,,
10356475,2013-08-28,48,119624,8.0,,
10400413,2013-08-29,48,119624,4.0,,
10445868,2013-08-30,48,119624,5.0,,
10494866,2013-08-31,48,119624,12.0,,
10544038,2013-09-01,48,119624,15.0,,
10591763,2013-09-02,48,119624,5.0,,
10638325,2013-09-03,48,119624,1.0,,
10684466,2013-09-04,48,119624,5.0,,
10729658,2013-09-05,48,119624,1.0,,
10774374,2013-09-06,48,119624,2.0,,
10823018,2013-09-07,48,119624,7.0,,
10871185,2013-09-08,48,119624,7.0,,
10916918,2013-09-09,48,119624,2.0,,
10961258,2013-09-10,48,119624,1.0,,
11005490,2013-09-11,48,119624,1.0,,
11048862,2013-09-12,48,119624,3.0,,
11093065,2013-09-13,48,119624,4.0,,
11141262,2013-09-14,48,119624,4.0,,
11189221,2013-09-15,48,119624,8.0,,
11235263,2013-09-16,48,119624,1.0,,
11280246,2013-09-17,48,119624,2.0,,
11324469,2013-09-18,48,119624,5.0,,
11367912,2013-09-19,48,119624,2.0,,
11412496,2013-09-20,48,119624,1.0,,
11460614,2013-09-21,48,119624,10.0,,
11508093,2013-09-22,48,119624,14.0,,
11553765,2013-09-23,48,119624,6.0,,
11598223,2013-09-24,48,119624,1.0,,
11642462,2013-09-25,48,119624,5.0,,
11730333,2013-09-27,48,119624,4.0,,
11778999,2013-09-28,48,119624,12.0,,
11827161,2013-09-29,48,119624,14.0,,
11873639,2013-09-30,48,119624,3.0,,
11921215,2013-10-01,48,119624,7.0,,
11968429,2013-10-02,48,119624,7.0,,
12014364,2013-10-03,48,119624,4.0,,
12060590,2013-10-04,48,119624,6.0,,
12109719,2013-10-05,48,119624,17.0,,
12157930,2013-10-06,48,119624,17.0,,
12204187,2013-10-07,48,119624,6.0,,
12249387,2013-10-08,48,119624,5.0,,
12293926,2013-10-09,48,119624,2.0,,
12338579,2013-10-10,48,119624,2.0,,
12384902,2013-10-11,48,119624,15.0,,
12432478,2013-10-12,48,119624,9.0,,
12479967,2013-10-13,48,119624,17.0,,
12525578,2013-10-14,48,119624,3.0,,
12570492,2013-10-15,48,119624,3.0,,
12616146,2013-10-16,48,119624,6.0,,
12660956,2013-10-17,48,119624,4.0,,
12705573,2013-10-18,48,119624,2.0,,
12754258,2013-10-19,48,119624,13.0,,
12802868,2013-10-20,48,119624,17.0,,
12848840,2013-10-21,48,119624,5.0,,
12893541,2013-10-22,48,119624,5.0,,
12938332,2013-10-23,48,119624,6.0,,
12982268,2013-10-24,48,119624,5.0,,
13026623,2013-10-25,48,119624,5.0,,
13074840,2013-10-26,48,119624,17.0,,
13123046,2013-10-27,48,119624,10.0,,
13168841,2013-10-28,48,119624,2.0,,
13213430,2013-10-29,48,119624,5.0,,
13257982,2013-10-30,48,119624,1.0,,
13302644,2013-10-31,48,119624,9.0,,
13349596,2013-11-01,48,119624,12.0,,
13399190,2013-11-02,48,119624,14.0,,
13448520,2013-11-03,48,119624,15.0,,
13495949,2013-11-04,48,119624,5.0,,
13544714,2013-11-05,48,119624,2.0,,
13593479,2013-11-06,48,119624,4.0,,
13641007,2013-11-07,48,119624,2.0,,
13688853,2013-11-08,48,119624,2.0,,
13740251,2013-11-09,48,119624,7.0,,
13791857,2013-11-10,48,119624,18.0,,
13840359,2013-11-11,48,119624,2.0,,
13887773,2013-11-12,48,119624,4.0,,
13934867,2013-11-13,48,119624,3.0,,
13981160,2013-11-14,48,119624,5.0,,
14028847,2013-11-15,48,119624,9.0,,
14080859,2013-11-16,48,119624,27.0,,
14132688,2013-11-17,48,119624,9.0,,
14181931,2013-11-18,48,119624,1.0,,
14229382,2013-11-19,48,119624,9.0,,
14277545,2013-11-20,48,119624,2.0,,
14324282,2013-11-21,48,119624,6.0,,
14371854,2013-11-22,48,119624,8.0,,
14423506,2013-11-23,48,119624,18.0,,
14475184,2013-11-24,48,119624,14.0,,
14524259,2013-11-25,48,119624,5.0,,
14571823,2013-11-26,48,119624,6.0,,
14619085,2013-11-27,48,119624,7.0,,
14666213,2013-11-28,48,119624,3.0,,
14714327,2013-11-29,48,119624,12.0,,
14767724,2013-11-30,48,119624,34.0,,
14821981,2013-12-01,48,119624,22.0,,
14874315,2013-12-02,48,119624,4.0,,
14925087,2013-12-03,48,119624,6.0,,
14975302,2013-12-04,48,119624,4.0,,
15024734,2013-12-05,48,119624,17.0,,
15074534,2013-12-06,48,119624,14.0,,
15127703,2013-12-07,48,119624,23.0,,
15180552,2013-12-08,48,119624,20.0,,
15231198,2013-12-09,48,119624,8.0,,
15280856,2013-12-10,48,119624,4.0,,
15330363,2013-12-11,48,119624,4.0,,
15379242,2013-12-12,48,119624,14.0,,
15428432,2013-12-13,48,119624,17.0,,
15481638,2013-12-14,48,119624,16.0,,
15535560,2013-12-15,48,119624,23.0,,
15587914,2013-12-16,48,119624,11.0,,
15639193,2013-12-17,48,119624,5.0,,
15690339,2013-12-18,48,119624,15.0,,
15741330,2013-12-19,48,119624,16.0,,
15792097,2013-12-20,48,119624,16.0,,
15845893,2013-12-21,48,119624,48.0,,
15899819,2013-12-22,48,119624,30.0,,
15954003,2013-12-23,48,119624,39.0,,
16006465,2013-12-24,48,119624,72.0,,
16057426,2013-12-26,48,119624,18.0,,
16108645,2013-12-27,48,119624,15.0,,
16161577,2013-12-28,48,119624,19.0,,
16212415,2013-12-29,48,119624,35.0,,
16265665,2013-12-30,48,119624,47.0,,
16316687,2013-12-31,48,119624,11.0,,
16966644,2014-01-11,48,119624,6.0,,
17033892,2014-01-12,48,119624,1.0,,
17160398,2014-01-14,48,119624,3.0,,
17223763,2014-01-15,48,119624,1.0,,
17287006,2014-01-16,48,119624,6.0,,
17350080,2014-01-17,48,119624,5.0,,
17418453,2014-01-18,48,119624,6.0,,
17486097,2014-01-19,48,119624,12.0,,
17550489,2014-01-20,48,119624,5.0,,
17613866,2014-01-21,48,119624,6.0,,
17676189,2014-01-22,48,119624,2.0,,
17737907,2014-01-23,48,119624,4.0,,
17800751,2014-01-24,48,119624,8.0,,
17868383,2014-01-25,48,119624,18.0,,
17935698,2014-01-26,48,119624,8.0,,
17999233,2014-01-27,48,119624,2.0,,
18061584,2014-01-28,48,119624,4.0,,
18123269,2014-01-29,48,119624,5.0,,
18184697,2014-01-30,48,119624,4.0,,
18248646,2014-01-31,48,119624,6.0,,
18305206,2014-02-01,48,119624,13.0,,
18358541,2014-02-02,48,119624,12.0,,
18410180,2014-02-03,48,119624,4.0,,
18460462,2014-02-04,48,119624,4.0,,
18510114,2014-02-05,48,119624,1.0,,
18559257,2014-02-06,48,119624,13.0,,
18608458,2014-02-07,48,119624,3.0,,
18661202,2014-02-08,48,119624,15.0,,
18712703,2014-02-09,48,119624,9.0,,
18762420,2014-02-10,48,119624,4.0,,
18811335,2014-02-11,48,119624,4.0,,
18860208,2014-02-12,48,119624,3.0,,
18908784,2014-02-13,48,119624,2.0,,
18956876,2014-02-14,48,119624,14.0,,
19009502,2014-02-15,48,119624,11.0,,
19061534,2014-02-16,48,119624,9.0,,
19111093,2014-02-17,48,119624,5.0,,
19159728,2014-02-18,48,119624,2.0,,
19207955,2014-02-19,48,119624,3.0,,
19255651,2014-02-20,48,119624,2.0,,
19303716,2014-02-21,48,119624,3.0,,
19355275,2014-02-22,48,119624,9.0,,
19405627,2014-02-23,48,119624,6.0,,
19455192,2014-02-24,48,119624,1.0,,
19503346,2014-02-25,48,119624,1.0,,
19551667,2014-02-26,48,119624,3.0,,
19599765,2014-02-27,48,119624,4.0,,
19649804,2014-02-28,48,119624,3.0,,
19717586,2014-03-01,48,119624,15.0,,
19782461,2014-03-02,48,119624,13.0,,
19845091,2014-03-03,48,119624,8.0,,
19909276,2014-03-04,48,119624,11.0,,
19975101,2014-03-05,48,119624,4.0,,
20040012,2014-03-06,48,119624,3.0,,
20103983,2014-03-07,48,119624,4.0,,
20170572,2014-03-08,48,119624,13.0,,
20237400,2014-03-09,48,119624,7.0,,
20300986,2014-03-10,48,119624,5.0,,
20425348,2014-03-12,48,119624,5.0,,
20487058,2014-03-13,48,119624,2.0,,
20549525,2014-03-14,48,119624,3.0,,
20616146,2014-03-15,48,119624,9.0,,
20683369,2014-03-16,48,119624,9.0,,
20747763,2014-03-17,48,119624,2.0,,
20810786,2014-03-18,48,119624,1.0,,
20873732,2014-03-19,48,119624,5.0,,
20936344,2014-03-20,48,119624,3.0,,
20999866,2014-03-21,48,119624,8.0,,
21067297,2014-03-22,48,119624,12.0,,
21133829,2014-03-23,48,119624,3.0,,
21197741,2014-03-24,48,119624,3.0,,
21260518,2014-03-25,48,119624,3.0,,
21384981,2014-03-27,48,119624,3.0,,
21448070,2014-03-28,48,119624,9.0,,
21516382,2014-03-29,48,119624,9.0,,
21583933,2014-03-30,48,119624,6.0,,
21649819,2014-03-31,48,119624,3.0,,
21703119,2014-04-01,48,119624,5.0,False,
21754158,2014-04-02,48,119624,3.0,False,
21804080,2014-04-03,48,119624,5.0,False,
21854034,2014-04-04,48,119624,4.0,False,
21907143,2014-04-05,48,119624,18.0,False,
21959322,2014-04-06,48,119624,7.0,False,
22009529,2014-04-07,48,119624,1.0,False,
22107383,2014-04-09,48,119624,1.0,False,
22155543,2014-04-10,48,119624,4.0,False,
22204297,2014-04-11,48,119624,12.0,False,
22256540,2014-04-12,48,119624,7.0,False,
22307727,2014-04-13,48,119624,8.0,False,
22356236,2014-04-14,48,119624,2.0,False,
22404645,2014-04-15,48,119624,2.0,False,
22453630,2014-04-16,48,119624,7.0,False,
22502859,2014-04-17,48,119624,5.0,False,
22551025,2014-04-18,48,119624,10.0,False,
22601734,2014-04-19,48,119624,13.0,False,
22651497,2014-04-20,48,119624,7.0,False,
22700037,2014-04-21,48,119624,3.0,False,
22747824,2014-04-22,48,119624,5.0,False,
22795825,2014-04-23,48,119624,4.0,False,
22843287,2014-04-24,48,119624,8.0,False,
22890911,2014-04-25,48,119624,5.0,False,
22941989,2014-04-26,48,119624,12.0,False,
22992853,2014-04-27,48,119624,7.0,False,
23041132,2014-04-28,48,119624,1.0,False,
23088429,2014-04-29,48,119624,2.0,False,
23136486,2014-04-30,48,119624,3.0,False,
23187652,2014-05-01,48,119624,14.0,False,
23238169,2014-05-02,48,119624,10.0,False,
23291220,2014-05-03,48,119624,11.0,False,
23343222,2014-05-04,48,119624,11.0,False,
23392699,2014-05-05,48,119624,3.0,False,
23441369,2014-05-06,48,119624,2.0,False,
23489546,2014-05-07,48,119624,5.0,False,
23537211,2014-05-08,48,119624,2.0,False,
23585185,2014-05-09,48,119624,9.0,False,
23637300,2014-05-10,48,119624,16.0,False,
23687094,2014-05-11,48,119624,12.0,False,
23735908,2014-05-12,48,119624,4.0,False,
23784043,2014-05-13,48,119624,4.0,False,
23831784,2014-05-14,48,119624,3.0,False,
23879159,2014-05-15,48,119624,5.0,False,
23927591,2014-05-16,48,119624,7.0,False,
23979970,2014-05-17,48,119624,12.0,False,
24032187,2014-05-18,48,119624,13.0,False,
24081469,2014-05-19,48,119624,2.0,False,
24129965,2014-05-20,48,119624,3.0,False,
24177817,2014-05-21,48,119624,2.0,False,
24224906,2014-05-22,48,119624,2.0,False,
24272346,2014-05-23,48,119624,11.0,False,
24324310,2014-05-24,48,119624,14.0,False,
24376066,2014-05-25,48,119624,10.0,False,
24425202,2014-05-26,48,119624,6.0,False,
24520546,2014-05-28,48,119624,1.0,False,
24568224,2014-05-29,48,119624,9.0,False,
24618123,2014-05-30,48,119624,6.0,False,
24672700,2014-05-31,48,119624,11.0,False,
24728162,2014-06-01,48,119624,16.0,False,
24781270,2014-06-02,48,119624,4.0,False,
24832905,2014-06-03,48,119624,3.0,False,
24883885,2014-06-04,48,119624,6.0,False,
24933889,2014-06-05,48,119624,9.0,False,
24984064,2014-06-06,48,119624,8.0,False,
25038193,2014-06-07,48,119624,12.0,False,
25092273,2014-06-08,48,119624,14.0,False,
25143883,2014-06-09,48,119624,4.0,False,
25193807,2014-06-10,48,119624,4.0,False,
25243558,2014-06-11,48,119624,4.0,False,
25292225,2014-06-12,48,119624,3.0,False,
25342220,2014-06-13,48,119624,13.0,False,
25397161,2014-06-14,48,119624,19.0,False,
25449083,2014-06-15,48,119624,12.0,False,
25500957,2014-06-16,48,119624,1.0,False,
25551687,2014-06-17,48,119624,3.0,False,
25601901,2014-06-18,48,119624,2.0,False,
25651170,2014-06-19,48,119624,4.0,False,
25700475,2014-06-20,48,119624,8.0,False,
25754528,2014-06-21,48,119624,14.0,False,
25808460,2014-06-22,48,119624,9.0,False,
25860177,2014-06-23,48,119624,4.0,False,
25910074,2014-06-24,48,119624,5.0,False,
25959752,2014-06-25,48,119624,5.0,False,
26009039,2014-06-26,48,119624,6.0,False,
26059022,2014-06-27,48,119624,5.0,False,
26113235,2014-06-28,48,119624,9.0,False,
26167146,2014-06-29,48,119624,5.0,False,
26219765,2014-06-30,48,119624,2.0,False,
26286792,2014-07-01,48,119624,6.0,False,
26355762,2014-07-02,48,119624,6.0,False,
26423206,2014-07-03,48,119624,7.0,False,
26489714,2014-07-04,48,119624,5.0,False,
26560573,2014-07-05,48,119624,9.0,False,
26631444,2014-07-06,48,119624,8.0,False,
26699661,2014-07-07,48,119624,1.0,False,
26765699,2014-07-08,48,119624,3.0,False,
26830611,2014-07-09,48,119624,6.0,False,
26895441,2014-07-10,48,119624,9.0,False,
26959462,2014-07-11,48,119624,5.0,False,
27029489,2014-07-12,48,119624,11.0,False,
27098072,2014-07-13,48,119624,9.0,False,
27164765,2014-07-14,48,119624,1.0,False,
27231594,2014-07-15,48,119624,2.0,False,
27298182,2014-07-16,48,119624,9.0,False,
27363447,2014-07-17,48,119624,5.0,False,
27429032,2014-07-18,48,119624,7.0,False,
27498954,2014-07-19,48,119624,1.0,False,
27832570,2014-07-24,48,119624,7.0,False,
27900257,2014-07-25,48,119624,4.0,False,
27971023,2014-07-26,48,119624,10.0,False,
28041583,2014-07-27,48,119624,8.0,False,
28110012,2014-07-28,48,119624,2.0,False,
28177069,2014-07-29,48,119624,1.0,False,
28243814,2014-07-30,48,119624,3.0,False,
28311509,2014-07-31,48,119624,5.0,False,
28369247,2014-08-01,48,119624,7.0,False,
28427426,2014-08-02,48,119624,17.0,False,
28484285,2014-08-03,48,119624,6.0,False,
28538955,2014-08-04,48,119624,7.0,False,
28592121,2014-08-05,48,119624,3.0,False,
28644595,2014-08-06,48,119624,2.0,False,
28696389,2014-08-07,48,119624,8.0,False,
28748486,2014-08-08,48,119624,4.0,False,
28803681,2014-08-09,48,119624,8.0,False,
28858137,2014-08-10,48,119624,13.0,False,
28911577,2014-08-11,48,119624,4.0,False,
28963315,2014-08-12,48,119624,3.0,False,
29014871,2014-08-13,48,119624,13.0,False,
29065953,2014-08-14,48,119624,3.0,False,
29118442,2014-08-15,48,119624,4.0,False,
29174199,2014-08-16,48,119624,19.0,False,
29229464,2014-08-17,48,119624,10.0,False,
29283410,2014-08-18,48,119624,3.0,False,
29336043,2014-08-19,48,119624,5.0,False,
29388848,2014-08-20,48,119624,4.0,False,
29440857,2014-08-21,48,119624,4.0,False,
29493150,2014-08-22,48,119624,8.0,False,
29548670,2014-08-23,48,119624,14.0,False,
29604017,2014-08-24,48,119624,7.0,False,
29657396,2014-08-25,48,119624,5.0,False,
29709584,2014-08-26,48,119624,4.0,False,
29761420,2014-08-27,48,119624,1.0,False,
29812454,2014-08-28,48,119624,3.0,False,
29865142,2014-08-29,48,119624,10.0,False,
29922332,2014-08-30,48,119624,11.0,False,
29979325,2014-08-31,48,119624,15.0,False,
30049344,2014-09-01,48,119624,3.0,False,
30120360,2014-09-02,48,119624,5.0,False,
30190154,2014-09-03,48,119624,9.0,False,
30258327,2014-09-04,48,119624,1.0,False,
30326214,2014-09-05,48,119624,10.0,False,
30399265,2014-09-06,48,119624,8.0,False,
30472192,2014-09-07,48,119624,6.0,False,
30541786,2014-09-08,48,119624,3.0,False,
30676229,2014-09-10,48,119624,8.0,False,
30742901,2014-09-11,48,119624,6.0,False,
30810404,2014-09-12,48,119624,8.0,False,
30883542,2014-09-13,48,119624,8.0,False,
30956522,2014-09-14,48,119624,8.0,False,
31026636,2014-09-15,48,119624,2.0,False,
31095807,2014-09-16,48,119624,3.0,False,
31163785,2014-09-17,48,119624,6.0,False,
31230138,2014-09-18,48,119624,4.0,False,
31297096,2014-09-19,48,119624,4.0,False,
31369723,2014-09-20,48,119624,13.0,False,
31442283,2014-09-21,48,119624,12.0,False,
31511352,2014-09-22,48,119624,2.0,False,
31579300,2014-09-23,48,119624,4.0,False,
31646957,2014-09-24,48,119624,5.0,False,
31713093,2014-09-25,48,119624,7.0,False,
31779530,2014-09-26,48,119624,6.0,False,
31851872,2014-09-27,48,119624,10.0,False,
31924672,2014-09-28,48,119624,11.0,False,
31994147,2014-09-29,48,119624,5.0,False,
32063974,2014-09-30,48,119624,17.0,False,
32135921,2014-10-01,48,119624,1.0,False,
32207068,2014-10-02,48,119624,9.0,False,
32277734,2014-10-03,48,119624,5.0,False,
32352269,2014-10-04,48,119624,11.0,False,
32425981,2014-10-05,48,119624,13.0,False,
32496480,2014-10-06,48,119624,1.0,False,
32565336,2014-10-07,48,119624,1.0,False,
32633493,2014-10-08,48,119624,1.0,False,
32700951,2014-10-09,48,119624,9.0,False,
32771474,2014-10-10,48,119624,10.0,False,
32844336,2014-10-11,48,119624,9.0,False,
32916526,2014-10-12,48,119624,7.0,False,
32986222,2014-10-13,48,119624,1.0,False,
33054047,2014-10-14,48,119624,3.0,False,
33122449,2014-10-15,48,119624,5.0,False,
33190694,2014-10-16,48,119624,1.0,False,
33258472,2014-10-17,48,119624,4.0,False,
33331970,2014-10-18,48,119624,18.0,False,
33405748,2014-10-19,48,119624,5.0,False,
33475854,2014-10-20,48,119624,1.0,False,
33544025,2014-10-21,48,119624,2.0,False,
33611355,2014-10-22,48,119624,5.0,False,
33678616,2014-10-23,48,119624,2.0,False,
33745975,2014-10-24,48,119624,3.0,False,
33818991,2014-10-25,48,119624,6.0,False,
33892431,2014-10-26,48,119624,13.0,False,
33962058,2014-10-27,48,119624,1.0,False,
34029849,2014-10-28,48,119624,4.0,False,
34096993,2014-10-29,48,119624,1.0,False,
34163575,2014-10-30,48,119624,12.0,False,
34232337,2014-10-31,48,119624,2.0,False,
34307724,2014-11-01,48,119624,14.0,False,
34379615,2014-11-02,48,119624,14.0,False,
34454160,2014-11-03,48,119624,12.0,False,
34526291,2014-11-04,48,119624,2.0,False,
34597352,2014-11-05,48,119624,4.0,False,
34666441,2014-11-06,48,119624,3.0,False,
34735386,2014-11-07,48,119624,4.0,False,
34808933,2014-11-08,48,119624,8.0,False,
34882872,2014-11-09,48,119624,16.0,False,
35021415,2014-11-11,48,119624,2.0,False,
35088858,2014-11-12,48,119624,2.0,False,
35155722,2014-11-13,48,119624,2.0,False,
35223621,2014-11-14,48,119624,8.0,False,
35297578,2014-11-15,48,119624,8.0,False,
35372392,2014-11-16,48,119624,13.0,False,
35443290,2014-11-17,48,119624,2.0,False,
35579667,2014-11-19,48,119624,3.0,False,
35647718,2014-11-20,48,119624,5.0,False,
35716240,2014-11-21,48,119624,3.0,False,
35789571,2014-11-22,48,119624,16.0,False,
35863709,2014-11-23,48,119624,10.0,False,
35934115,2014-11-24,48,119624,5.0,False,
36002379,2014-11-25,48,119624,1.0,False,
36070180,2014-11-26,48,119624,3.0,False,
36137004,2014-11-27,48,119624,3.0,False,
36205418,2014-11-28,48,119624,1.0,False,
36280919,2014-11-29,48,119624,12.0,False,
36357207,2014-11-30,48,119624,10.0,False,
36432130,2014-12-01,48,119624,3.0,False,
36505664,2014-12-02,48,119624,2.0,False,
36577847,2014-12-03,48,119624,11.0,False,
36648563,2014-12-04,48,119624,3.0,False,
36719544,2014-12-05,48,119624,8.0,False,
36795167,2014-12-06,48,119624,19.0,False,
36871488,2014-12-07,48,119624,13.0,False,
36944902,2014-12-08,48,119624,3.0,False,
37016464,2014-12-09,48,119624,5.0,False,
37087246,2014-12-10,48,119624,3.0,False,
37157562,2014-12-11,48,119624,3.0,False,
37228059,2014-12-12,48,119624,7.0,False,
37304389,2014-12-13,48,119624,15.0,False,
37381830,2014-12-14,48,119624,16.0,False,
37456831,2014-12-15,48,119624,3.0,False,
37530695,2014-12-16,48,119624,16.0,False,
37604277,2014-12-17,48,119624,7.0,False,
37677207,2014-12-18,48,119624,10.0,False,
37749819,2014-12-19,48,119624,8.0,False,
37826472,2014-12-20,48,119624,14.0,False,
37904378,2014-12-21,48,119624,17.0,False,
37981568,2014-12-22,48,119624,23.0,False,
38058289,2014-12-23,48,119624,24.0,False,
38133977,2014-12-24,48,119624,28.0,False,
38209765,2014-12-26,48,119624,16.0,False,
38284695,2014-12-27,48,119624,18.0,False,
38357592,2014-12-28,48,119624,17.0,False,
38432442,2014-12-29,48,119624,11.0,False,
38509088,2014-12-30,48,119624,13.0,False,
38583962,2014-12-31,48,119624,18.0,False,
38647977,2015-01-02,48,119624,9.0,False,
38709533,2015-01-03,48,119624,16.0,False,
38770542,2015-01-04,48,119624,7.0,False,
38945874,2015-01-07,48,119624,5.0,False,
39002883,2015-01-08,48,119624,3.0,False,
39059836,2015-01-09,48,119624,6.0,False,
39120428,2015-01-10,48,119624,9.0,False,
39181530,2015-01-11,48,119624,9.0,False,
39239789,2015-01-12,48,119624,1.0,False,
39296174,2015-01-13,48,119624,2.0,False,
39352223,2015-01-14,48,119624,2.0,False,
39408253,2015-01-15,48,119624,5.0,False,
39465016,2015-01-16,48,119624,5.0,False,
39526943,2015-01-17,48,119624,10.0,False,
39588276,2015-01-18,48,119624,15.0,False,
39646578,2015-01-19,48,119624,1.0,False,
39703839,2015-01-20,48,119624,2.0,False,
39760718,2015-01-21,48,119624,2.0,False,
39816976,2015-01-22,48,119624,1.0,False,
39874048,2015-01-23,48,119624,15.0,False,
39935737,2015-01-24,48,119624,10.0,False,
39996802,2015-01-25,48,119624,6.0,False,
40054688,2015-01-26,48,119624,3.0,False,
40110613,2015-01-27,48,119624,3.0,False,
40166551,2015-01-28,48,119624,3.0,False,
40222172,2015-01-29,48,119624,1.0,False,
40279709,2015-01-30,48,119624,3.0,False,
40342978,2015-01-31,48,119624,9.0,False,
40406954,2015-02-01,48,119624,14.0,False,
40468372,2015-02-02,48,119624,4.0,False,
40527814,2015-02-03,48,119624,5.0,False,
40586678,2015-02-04,48,119624,3.0,False,
40644504,2015-02-05,48,119624,3.0,False,
40702618,2015-02-06,48,119624,12.0,False,
40764592,2015-02-07,48,119624,7.0,False,
40826321,2015-02-08,48,119624,11.0,False,
40885960,2015-02-09,48,119624,2.0,False,
40943984,2015-02-10,48,119624,4.0,False,
41001633,2015-02-11,48,119624,3.0,False,
41058975,2015-02-12,48,119624,5.0,False,
41119172,2015-02-13,48,119624,4.0,False,
41182710,2015-02-14,48,119624,13.0,False,
41241869,2015-02-15,48,119624,9.0,False,
41299688,2015-02-16,48,119624,7.0,False,
41358921,2015-02-17,48,119624,8.0,False,
41420425,2015-02-18,48,119624,2.0,False,
41480614,2015-02-19,48,119624,4.0,False,
41541380,2015-02-20,48,119624,5.0,False,
41604830,2015-02-21,48,119624,11.0,False,
41668510,2015-02-22,48,119624,16.0,False,
41728815,2015-02-23,48,119624,1.0,False,
41787828,2015-02-24,48,119624,5.0,False,
41846261,2015-02-25,48,119624,5.0,False,
41903808,2015-02-26,48,119624,2.0,False,
41963377,2015-02-27,48,119624,6.0,False,
42028097,2015-02-28,48,119624,10.0,False,
42093980,2015-03-01,48,119624,3.0,False,
42157231,2015-03-02,48,119624,9.0,False,
42219096,2015-03-03,48,119624,3.0,False,
42280390,2015-03-04,48,119624,6.0,False,
42340770,2015-03-05,48,119624,6.0,False,
42401219,2015-03-06,48,119624,14.0,False,
42466118,2015-03-07,48,119624,15.0,False,
42529619,2015-03-08,48,119624,11.0,False,
42591156,2015-03-09,48,119624,5.0,False,
42651658,2015-03-10,48,119624,1.0,False,
42711270,2015-03-11,48,119624,5.0,False,
42770198,2015-03-12,48,119624,1.0,False,
42829841,2015-03-13,48,119624,4.0,False,
42894284,2015-03-14,48,119624,12.0,False,
42958179,2015-03-15,48,119624,8.0,False,
43019447,2015-03-16,48,119624,1.0,True,
43079385,2015-03-17,48,119624,1.0,False,
43196744,2015-03-19,48,119624,2.0,False,
43258225,2015-03-20,48,119624,10.0,False,
43323906,2015-03-21,48,119624,16.0,False,
43388818,2015-03-22,48,119624,13.0,False,
43451144,2015-03-23,48,119624,3.0,False,
43511781,2015-03-24,48,119624,2.0,False,
43571893,2015-03-25,48,119624,4.0,False,
43631046,2015-03-26,48,119624,5.0,False,
43691873,2015-03-27,48,119624,6.0,False,
43756752,2015-03-28,48,119624,6.0,False,
43821602,2015-03-29,48,119624,9.0,False,
43882825,2015-03-30,48,119624,5.0,False,
43944131,2015-03-31,48,119624,2.0,False,
44007871,2015-04-01,48,119624,3.0,False,
44071312,2015-04-02,48,119624,8.0,False,
44133580,2015-04-03,48,119624,8.0,False,
44198989,2015-04-04,48,119624,15.0,False,
44262754,2015-04-05,48,119624,12.0,False,
44325355,2015-04-06,48,119624,4.0,False,
44386603,2015-04-07,48,119624,2.0,False,
44447210,2015-04-08,48,119624,2.0,False,
44506751,2015-04-09,48,119624,4.0,False,
44567134,2015-04-10,48,119624,7.0,False,
44631862,2015-04-11,48,119624,17.0,False,
44696135,2015-04-12,48,119624,11.0,False,
44757488,2015-04-13,48,119624,2.0,False,
44817346,2015-04-14,48,119624,2.0,False,
44877832,2015-04-15,48,119624,6.0,False,
44938686,2015-04-16,48,119624,4.0,False,
44999490,2015-04-17,48,119624,4.0,False,
45064801,2015-04-18,48,119624,14.0,False,
45129604,2015-04-19,48,119624,8.0,False,
45192112,2015-04-20,48,119624,2.0,False,
45253051,2015-04-21,48,119624,4.0,False,
45313061,2015-04-22,48,119624,3.0,False,
45372898,2015-04-23,48,119624,5.0,False,
45433242,2015-04-24,48,119624,5.0,False,
45497890,2015-04-25,48,119624,15.0,False,
45562164,2015-04-26,48,119624,9.0,False,
45623180,2015-04-27,48,119624,2.0,False,
45682639,2015-04-28,48,119624,5.0,False,
45741888,2015-04-29,48,119624,2.0,False,
45802867,2015-04-30,48,119624,12.0,False,
45868851,2015-05-01,48,119624,13.0,False,
45936286,2015-05-02,48,119624,16.0,False,
46002133,2015-05-03,48,119624,9.0,False,
46067911,2015-05-04,48,119624,2.0,False,
46132971,2015-05-05,48,119624,2.0,False,
46197395,2015-05-06,48,119624,2.0,False,
46260541,2015-05-07,48,119624,4.0,False,
46323643,2015-05-08,48,119624,14.0,False,
46392386,2015-05-09,48,119624,20.0,False,
46458124,2015-05-10,48,119624,9.0,False,
46525441,2015-05-11,48,119624,3.0,False,
46590874,2015-05-12,48,119624,5.0,False,
46655221,2015-05-13,48,119624,3.0,False,
46718744,2015-05-14,48,119624,3.0,False,
46783962,2015-05-15,48,119624,9.0,False,
46855255,2015-05-16,48,119624,16.0,False,
46926762,2015-05-17,48,119624,10.0,False,
46993720,2015-05-18,48,119624,5.0,False,
47124080,2015-05-20,48,119624,2.0,False,
47188364,2015-05-21,48,119624,7.0,False,
47252937,2015-05-22,48,119624,5.0,False,
47323507,2015-05-23,48,119624,16.0,False,
47394440,2015-05-24,48,119624,11.0,False,
47530526,2015-05-26,48,119624,5.0,False,
47597108,2015-05-27,48,119624,5.0,False,
47662968,2015-05-28,48,119624,3.0,False,
47732985,2015-05-29,48,119624,10.0,False,
47809922,2015-05-30,48,119624,16.0,False,
47887544,2015-05-31,48,119624,11.0,False,
47968305,2015-06-01,48,119624,11.0,False,
48048565,2015-06-02,48,119624,5.0,False,
48127413,2015-06-03,48,119624,3.0,False,
48204858,2015-06-04,48,119624,3.0,False,
48282372,2015-06-05,48,119624,3.0,False,
48365562,2015-06-06,48,119624,8.0,False,
48449415,2015-06-07,48,119624,10.0,False,
48528808,2015-06-08,48,119624,5.0,False,
48606041,2015-06-09,48,119624,3.0,False,
48682102,2015-06-10,48,119624,3.0,False,
48756491,2015-06-11,48,119624,2.0,False,
48832183,2015-06-12,48,119624,7.0,False,
48914885,2015-06-13,48,119624,10.0,False,
48998056,2015-06-14,48,119624,9.0,False,
49077328,2015-06-15,48,119624,4.0,False,
49156140,2015-06-16,48,119624,3.0,False,
49233826,2015-06-17,48,119624,4.0,False,
49310071,2015-06-18,48,119624,4.0,False,
49387186,2015-06-19,48,119624,4.0,False,
49471210,2015-06-20,48,119624,19.0,False,
49552648,2015-06-21,48,119624,9.0,False,
49632583,2015-06-22,48,119624,6.0,False,
49710992,2015-06-23,48,119624,1.0,False,
49787754,2015-06-24,48,119624,4.0,False,
49863218,2015-06-25,48,119624,7.0,False,
49939481,2015-06-26,48,119624,7.0,False,
50022630,2015-06-27,48,119624,12.0,False,
50106425,2015-06-28,48,119624,13.0,False,
50185774,2015-06-29,48,119624,2.0,False,
50265398,2015-06-30,48,119624,1.0,False,
50348956,2015-07-01,48,119624,4.0,False,
50430792,2015-07-02,48,119624,3.0,False,
50512507,2015-07-03,48,119624,11.0,False,
50599343,2015-07-04,48,119624,19.0,False,
50684626,2015-07-05,48,119624,11.0,False,
50766443,2015-07-06,48,119624,6.0,False,
50843688,2015-07-07,48,119624,7.0,False,
50923663,2015-07-08,48,119624,5.0,False,
51001867,2015-07-09,48,119624,7.0,False,
51080402,2015-07-10,48,119624,8.0,False,
51163580,2015-07-11,48,119624,14.0,False,
51247228,2015-07-12,48,119624,9.0,False,
51327569,2015-07-13,48,119624,4.0,False,
51406115,2015-07-14,48,119624,2.0,False,
51484936,2015-07-15,48,119624,7.0,False,
51563639,2015-07-16,48,119624,2.0,False,
51642795,2015-07-17,48,119624,8.0,False,
51727045,2015-07-18,48,119624,17.0,False,
51811113,2015-07-19,48,119624,7.0,False,
51892772,2015-07-20,48,119624,1.0,False,
51972119,2015-07-21,48,119624,7.0,False,
52049983,2015-07-22,48,119624,5.0,False,
52127285,2015-07-23,48,119624,5.0,False,
52207069,2015-07-24,48,119624,11.0,False,
52292369,2015-07-25,48,119624,17.0,False,
52377606,2015-07-26,48,119624,6.0,False,
52459150,2015-07-27,48,119624,5.0,False,
52539053,2015-07-28,48,119624,3.0,False,
52618406,2015-07-29,48,119624,4.0,False,
52697249,2015-07-30,48,119624,4.0,False,
52779756,2015-07-31,48,119624,13.0,False,
52869623,2015-08-01,48,119624,14.0,False,
52958173,2015-08-02,48,119624,10.0,False,
53043819,2015-08-03,48,119624,1.0,False,
53127245,2015-08-04,48,119624,5.0,False,
53209631,2015-08-05,48,119624,5.0,False,
53290054,2015-08-06,48,119624,6.0,False,
53370931,2015-08-07,48,119624,10.0,False,
53456118,2015-08-08,48,119624,8.0,False,
53538121,2015-08-09,48,119624,6.0,False,
53622069,2015-08-10,48,119624,13.0,False,
53703997,2015-08-11,48,119624,3.0,False,
53784981,2015-08-12,48,119624,3.0,False,
53864175,2015-08-13,48,119624,1.0,False,
53945186,2015-08-14,48,119624,10.0,False,
54032214,2015-08-15,48,119624,7.0,False,
54118049,2015-08-16,48,119624,10.0,False,
54201301,2015-08-17,48,119624,8.0,False,
54282340,2015-08-18,48,119624,4.0,False,
54442256,2015-08-20,48,119624,6.0,False,
54525117,2015-08-21,48,119624,12.0,False,
54613072,2015-08-22,48,119624,8.0,False,
54700564,2015-08-23,48,119624,4.0,False,
54785250,2015-08-24,48,119624,2.0,False,
54867908,2015-08-25,48,119624,3.0,False,
54949783,2015-08-26,48,119624,3.0,False,
55030565,2015-08-27,48,119624,4.0,False,
55112563,2015-08-28,48,119624,2.0,False,
55202116,2015-08-29,48,119624,11.0,False,
55291510,2015-08-30,48,119624,6.0,False,
55378662,2015-08-31,48,119624,5.0,False,
55468678,2015-09-01,48,119624,2.0,False,
55557512,2015-09-02,48,119624,4.0,False,
55643582,2015-09-03,48,119624,7.0,False,
55728825,2015-09-04,48,119624,7.0,False,
55820905,2015-09-05,48,119624,13.0,False,
55912476,2015-09-06,48,119624,10.0,False,
55999569,2015-09-07,48,119624,4.0,False,
56083956,2015-09-08,48,119624,3.0,False,
56249649,2015-09-10,48,119624,6.0,False,
56332042,2015-09-11,48,119624,7.0,False,
56422151,2015-09-12,48,119624,10.0,False,
56511963,2015-09-13,48,119624,8.0,False,
56597079,2015-09-14,48,119624,6.0,False,
56766153,2015-09-16,48,119624,5.0,False,
56848947,2015-09-17,48,119624,1.0,False,
56932012,2015-09-18,48,119624,8.0,False,
57022932,2015-09-19,48,119624,7.0,False,
57113460,2015-09-20,48,119624,7.0,False,
57199802,2015-09-21,48,119624,2.0,False,
57283517,2015-09-22,48,119624,3.0,False,
57366696,2015-09-23,48,119624,2.0,False,
57448454,2015-09-24,48,119624,1.0,False,
57531450,2015-09-25,48,119624,7.0,False,
57621781,2015-09-26,48,119624,14.0,False,
57712652,2015-09-27,48,119624,14.0,False,
57798072,2015-09-28,48,119624,1.0,False,
57881166,2015-09-29,48,119624,5.0,False,
57966081,2015-09-30,48,119624,5.0,False,
58058984,2015-10-01,48,119624,5.0,False,
58152234,2015-10-02,48,119624,4.0,False,
58251453,2015-10-03,48,119624,11.0,False,
58349635,2015-10-04,48,119624,12.0,False,
58442257,2015-10-05,48,119624,1.0,False,
58531902,2015-10-06,48,119624,4.0,False,
58620760,2015-10-07,48,119624,5.0,False,
58707602,2015-10-08,48,119624,4.0,False,
58801157,2015-10-09,48,119624,14.0,False,
58897229,2015-10-10,48,119624,14.0,False,
58992744,2015-10-11,48,119624,4.0,False,
59171898,2015-10-13,48,119624,1.0,False,
59260138,2015-10-14,48,119624,2.0,False,
59348277,2015-10-15,48,119624,4.0,False,
59438571,2015-10-16,48,119624,10.0,False,
59536250,2015-10-17,48,119624,11.0,False,
59634286,2015-10-18,48,119624,4.0,False,
59726058,2015-10-19,48,119624,2.0,False,
59816194,2015-10-20,48,119624,2.0,False,
59904564,2015-10-21,48,119624,2.0,False,
59990865,2015-10-22,48,119624,2.0,False,
60078786,2015-10-23,48,119624,4.0,False,
60174315,2015-10-24,48,119624,10.0,False,
60271799,2015-10-25,48,119624,7.0,False,
60362650,2015-10-26,48,119624,1.0,False,
60449856,2015-10-27,48,119624,5.0,False,
60536073,2015-10-28,48,119624,2.0,False,
60621110,2015-10-29,48,119624,3.0,False,
60709933,2015-10-30,48,119624,5.0,False,
60808318,2015-10-31,48,119624,9.0,False,
60904072,2015-11-01,48,119624,9.0,False,
60997305,2015-11-02,48,119624,10.0,False,
61094671,2015-11-03,48,119624,3.0,False,
61189393,2015-11-04,48,119624,4.0,False,
61280230,2015-11-05,48,119624,4.0,False,
61370175,2015-11-06,48,119624,2.0,False,
61467175,2015-11-07,48,119624,11.0,False,
61565770,2015-11-08,48,119624,7.0,False,
61657115,2015-11-09,48,119624,2.0,False,
61745945,2015-11-10,48,119624,5.0,False,
61834283,2015-11-11,48,119624,7.0,False,
61919562,2015-11-12,48,119624,1.0,False,
62007454,2015-11-13,48,119624,18.0,False,
62103971,2015-11-14,48,119624,4.0,False,
62202691,2015-11-15,48,119624,2.0,False,
62295992,2015-11-16,48,119624,5.0,False,
62385493,2015-11-17,48,119624,2.0,False,
62474803,2015-11-18,48,119624,2.0,False,
62562308,2015-11-19,48,119624,4.0,False,
62651903,2015-11-20,48,119624,9.0,False,
62748639,2015-11-21,48,119624,1.0,False,
62846478,2015-11-22,48,119624,2.0,False,
62938831,2015-11-23,48,119624,4.0,False,
63116839,2015-11-25,48,119624,1.0,False,
63202842,2015-11-26,48,119624,1.0,False,
63289980,2015-11-27,48,119624,5.0,False,
63385997,2015-11-28,48,119624,18.0,False,
63484889,2015-11-29,48,119624,8.0,False,
63579139,2015-11-30,48,119624,4.0,False,
63675850,2015-12-01,48,119624,4.0,False,
63771534,2015-12-02,48,119624,5.0,False,
63864368,2015-12-03,48,119624,12.0,False,
63956093,2015-12-04,48,119624,6.0,False,
64055609,2015-12-05,48,119624,8.0,False,
64156116,2015-12-06,48,119624,12.0,False,
64251497,2015-12-07,48,119624,1.0,False,
64343457,2015-12-08,48,119624,6.0,False,
64435027,2015-12-09,48,119624,2.0,False,
64524385,2015-12-10,48,119624,7.0,False,
64614240,2015-12-11,48,119624,11.0,True,
64711473,2015-12-12,48,119624,17.0,False,
64810506,2015-12-13,48,119624,17.0,False,
64904264,2015-12-14,48,119624,5.0,False,
64996926,2015-12-15,48,119624,5.0,False,
65089993,2015-12-16,48,119624,11.0,False,
65181826,2015-12-17,48,119624,17.0,True,
65273080,2015-12-18,48,119624,12.0,False,
65373335,2015-12-19,48,119624,17.0,False,
65475169,2015-12-20,48,119624,16.0,False,
65573669,2015-12-21,48,119624,11.0,False,
65671889,2015-12-22,48,119624,16.0,False,
65770155,2015-12-23,48,119624,15.0,False,
65868112,2015-12-24,48,119624,30.0,False,
65966511,2015-12-26,48,119624,11.0,False,
66061757,2015-12-27,48,119624,8.0,False,
66155570,2015-12-28,48,119624,11.0,False,
66251639,2015-12-29,48,119624,7.0,True,
66349437,2015-12-30,48,119624,21.0,False,
66446445,2015-12-31,48,119624,24.0,False,
66548640,2016-01-02,48,119624,8.0,False,
66648926,2016-01-03,48,119624,7.0,False,
66746234,2016-01-04,48,119624,6.0,False,
66840919,2016-01-05,48,119624,1.0,False,
66934456,2016-01-06,48,119624,3.0,False,
67025397,2016-01-07,48,119624,3.0,False,
67116392,2016-01-08,48,119624,8.0,False,
67215546,2016-01-09,48,119624,6.0,False,
67314937,2016-01-10,48,119624,8.0,False,
67407914,2016-01-11,48,119624,2.0,False,
67498251,2016-01-12,48,119624,3.0,False,
67587506,2016-01-13,48,119624,3.0,False,
67675805,2016-01-14,48,119624,4.0,False,
67766370,2016-01-15,48,119624,5.0,False,
67865967,2016-01-16,48,119624,11.0,False,
67965529,2016-01-17,48,119624,7.0,False,
68059096,2016-01-18,48,119624,3.0,False,
68149498,2016-01-19,48,119624,3.0,False,
68241587,2016-01-20,48,119624,4.0,False,
68330378,2016-01-21,48,119624,8.0,False,
68420811,2016-01-22,48,119624,9.0,False,
68519535,2016-01-23,48,119624,11.0,False,
68618134,2016-01-24,48,119624,14.0,False,
68710145,2016-01-25,48,119624,3.0,False,
68800116,2016-01-26,48,119624,2.0,False,
68889561,2016-01-27,48,119624,2.0,False,
68977269,2016-01-28,48,119624,1.0,False,
69068082,2016-01-29,48,119624,6.0,False,
69168550,2016-01-30,48,119624,17.0,False,
69269524,2016-01-31,48,119624,14.0,False,
69464576,2016-02-02,48,119624,6.0,True,
69559333,2016-02-03,48,119624,26.0,True,
69652253,2016-02-04,48,119624,13.0,True,
69746795,2016-02-05,48,119624,32.0,True,
69846669,2016-02-06,48,119624,27.0,True,
69938950,2016-02-07,48,119624,34.0,True,
70027440,2016-02-08,48,119624,26.0,True,
70119147,2016-02-09,48,119624,26.0,True,
70214414,2016-02-10,48,119624,17.0,True,
70307257,2016-02-11,48,119624,18.0,True,
70400025,2016-02-12,48,119624,33.0,True,
70498069,2016-02-13,48,119624,28.0,True,
70595867,2016-02-14,48,119624,37.0,True,
70690885,2016-02-15,48,119624,13.0,True,
70785029,2016-02-16,48,119624,18.0,True,
70877170,2016-02-17,48,119624,20.0,True,
70966523,2016-02-18,48,119624,23.0,True,
71057646,2016-02-19,48,119624,38.0,True,
71155990,2016-02-20,48,119624,38.0,True,
71254190,2016-02-21,48,119624,25.0,True,
71348003,2016-02-22,48,119624,22.0,True,
71439707,2016-02-23,48,119624,33.0,True,
71530932,2016-02-24,48,119624,18.0,True,
71619981,2016-02-25,48,119624,20.0,True,
71710057,2016-02-26,48,119624,29.0,True,
71809632,2016-02-27,48,119624,33.0,True,
71908832,2016-02-28,48,119624,22.0,True,
72003829,2016-02-29,48,119624,14.0,True,
72102788,2016-03-01,48,119624,5.0,False,
72200864,2016-03-02,48,119624,4.0,False,
72295741,2016-03-03,48,119624,4.0,False,
72391179,2016-03-04,48,119624,5.0,False,
72493360,2016-03-05,48,119624,10.0,False,
72594323,2016-03-06,48,119624,12.0,False,
72690272,2016-03-07,48,119624,5.0,False,
72782660,2016-03-08,48,119624,2.0,False,
72875003,2016-03-09,48,119624,9.0,False,
72965520,2016-03-10,48,119624,2.0,False,
73057376,2016-03-11,48,119624,13.0,False,
73157610,2016-03-12,48,119624,8.0,False,
73256747,2016-03-13,48,119624,3.0,False,
73350896,2016-03-14,48,119624,5.0,False,
73444825,2016-03-15,48,119624,4.0,False,
73538514,2016-03-16,48,119624,2.0,False,
73630287,2016-03-17,48,119624,4.0,False,
73722623,2016-03-18,48,119624,6.0,False,
73822936,2016-03-19,48,119624,9.0,False,
73922132,2016-03-20,48,119624,11.0,False,
74017562,2016-03-21,48,119624,3.0,False,
74108643,2016-03-22,48,119624,2.0,False,
74200729,2016-03-23,48,119624,3.0,False,
74294002,2016-03-24,48,119624,18.0,False,
74385376,2016-03-25,48,119624,11.0,False,
74483424,2016-03-26,48,119624,7.0,False,
74580310,2016-03-27,48,119624,13.0,False,
74674073,2016-03-28,48,119624,2.0,False,
74766021,2016-03-29,48,119624,3.0,False,
74950936,2016-03-31,48,119624,4.0,False,
75050635,2016-04-01,48,119624,6.0,False,
75156562,2016-04-02,48,119624,13.0,False,
75261313,2016-04-03,48,119624,10.0,False,
75359700,2016-04-04,48,119624,7.0,False,
75455311,2016-04-05,48,119624,2.0,False,
75549698,2016-04-06,48,119624,1.0,False,
75641167,2016-04-07,48,119624,4.0,False,
75734639,2016-04-08,48,119624,1.0,False,
75836004,2016-04-09,48,119624,9.0,False,
75936289,2016-04-10,48,119624,7.0,False,
76030429,2016-04-11,48,119624,1.0,False,
76123475,2016-04-12,48,119624,2.0,False,
76215502,2016-04-13,48,119624,5.0,False,
76305619,2016-04-14,48,119624,2.0,False,
76398651,2016-04-15,48,119624,4.0,False,
76498997,2016-04-16,48,119624,6.0,False,
76601490,2016-04-17,48,119624,4.0,False,
76700472,2016-04-18,48,119624,4.0,False,
76796583,2016-04-19,48,119624,3.0,False,
76892923,2016-04-20,48,119624,2.0,False,
76986814,2016-04-21,48,119624,6.0,False,
77080659,2016-04-22,48,119624,6.0,False,
77181187,2016-04-23,48,119624,13.0,False,
77280336,2016-04-24,48,119624,7.0,False,
77373077,2016-04-25,48,119624,1.0,False,
77463950,2016-04-26,48,119624,1.0,False,
77554220,2016-04-27,48,119624,6.0,False,
77642723,2016-04-28,48,119624,1.0,False,
77735336,2016-04-29,48,119624,2.0,False,
77838527,2016-04-30,48,119624,5.0,False,
77943535,2016-05-01,48,119624,3.0,False,
78042433,2016-05-02,48,119624,4.0,False,
78139431,2016-05-03,48,119624,7.0,False,
78235365,2016-05-04,48,119624,4.0,False,
78423593,2016-05-06,48,119624,4.0,False,
78526999,2016-05-07,48,119624,24.0,False,
78625501,2016-05-08,48,119624,16.0,False,
78721881,2016-05-09,48,119624,1.0,False,
78815315,2016-05-10,48,119624,1.0,False,
78908886,2016-05-11,48,119624,2.0,False,
78999882,2016-05-12,48,119624,2.0,False,
79092216,2016-05-13,48,119624,2.0,False,
79194364,2016-05-14,48,119624,9.0,False,
79297506,2016-05-15,48,119624,10.0,False,
79579058,2016-05-18,48,119624,3.0,False,
79669145,2016-05-19,48,119624,3.0,False,
79762946,2016-05-20,48,119624,2.0,False,
79864207,2016-05-21,48,119624,1.0,False,
85009100,2016-07-14,48,119624,3.0,False,
85102980,2016-07-15,48,119624,3.0,False,
85205673,2016-07-16,48,119624,6.0,False,
85308070,2016-07-17,48,119624,7.0,False,
85405413,2016-07-18,48,119624,3.0,False,
85499558,2016-07-19,48,119624,2.0,False,
85594341,2016-07-20,48,119624,9.0,False,
85686204,2016-07-21,48,119624,6.0,False,
85779302,2016-07-22,48,119624,9.0,False,
85880296,2016-07-23,48,119624,8.0,False,
85980635,2016-07-24,48,119624,9.0,False,
86077630,2016-07-25,48,119624,2.0,False,
86171711,2016-07-26,48,119624,4.0,False,
86264275,2016-07-27,48,119624,1.0,False,
86449122,2016-07-29,48,119624,6.0,False,
86553370,2016-07-30,48,119624,4.0,False,
86658406,2016-07-31,48,119624,8.0,False,
86761763,2016-08-01,48,119624,2.0,False,
86861925,2016-08-02,48,119624,1.0,False,
86960899,2016-08-03,48,119624,1.0,False,
87152253,2016-08-05,48,119624,8.0,True,
87254406,2016-08-06,48,119624,17.0,False,
87356597,2016-08-07,48,119624,9.0,False,
87454531,2016-08-08,48,119624,4.0,False,
87549317,2016-08-09,48,119624,3.0,False,
87643148,2016-08-10,48,119624,3.0,False,
87736098,2016-08-11,48,119624,2.0,False,
87832804,2016-08-12,48,119624,11.0,False,
87930992,2016-08-13,48,119624,11.0,False,
88028961,2016-08-14,48,119624,14.0,False,
88125969,2016-08-15,48,119624,2.0,False,
88221915,2016-08-16,48,119624,3.0,False,
88316874,2016-08-17,48,119624,2.0,False,
88409182,2016-08-18,48,119624,1.0,False,
88502985,2016-08-19,48,119624,7.0,False,
88602639,2016-08-20,48,119624,11.0,False,
88703206,2016-08-21,48,119624,7.0,True,
88798967,2016-08-22,48,119624,1.0,False,
88892541,2016-08-23,48,119624,6.0,False,
88984633,2016-08-24,48,119624,3.0,False,
89074295,2016-08-25,48,119624,7.0,False,
89165274,2016-08-26,48,119624,4.0,False,
89263326,2016-08-27,48,119624,9.0,False,
89362105,2016-08-28,48,119624,2.0,False,
89548854,2016-08-30,48,119624,2.0,False,
89643775,2016-08-31,48,119624,1.0,False,
89741350,2016-09-01,48,119624,3.0,False,
89839825,2016-09-02,48,119624,5.0,False,
89944075,2016-09-03,48,119624,5.0,False,
90048288,2016-09-04,48,119624,7.0,False,
90146777,2016-09-05,48,119624,5.0,False,
90242959,2016-09-06,48,119624,3.0,False,
90336214,2016-09-07,48,119624,2.0,False,
90428010,2016-09-08,48,119624,1.0,False,
90520214,2016-09-09,48,119624,2.0,False,
90620894,2016-09-10,48,119624,10.0,False,
90722838,2016-09-11,48,119624,9.0,False,
90818008,2016-09-12,48,119624,2.0,False,
90909853,2016-09-13,48,119624,1.0,False,
90999768,2016-09-14,48,119624,2.0,False,
91090817,2016-09-15,48,119624,1.0,False,
91183919,2016-09-16,48,119624,2.0,False,
91284886,2016-09-17,48,119624,5.0,False,
91387292,2016-09-18,48,119624,4.0,False,
91482533,2016-09-19,48,119624,1.0,False,
91575821,2016-09-20,48,119624,3.0,False,
91667531,2016-09-21,48,119624,2.0,False,
91849147,2016-09-23,48,119624,1.0,False,
91949794,2016-09-24,48,119624,7.0,False,
92051248,2016-09-25,48,119624,3.0,False,
92237814,2016-09-27,48,119624,1.0,False,
92328700,2016-09-28,48,119624,1.0,False,
92417680,2016-09-29,48,119624,5.0,False,
92512332,2016-09-30,48,119624,5.0,False,
92619538,2016-10-01,48,119624,9.0,False,
92726742,2016-10-02,48,119624,6.0,False,
92827559,2016-10-03,48,119624,2.0,False,
92924838,2016-10-04,48,119624,2.0,False,
93020460,2016-10-05,48,119624,1.0,False,
93207520,2016-10-07,48,119624,4.0,False,
93413959,2016-10-09,48,119624,5.0,False,
93511995,2016-10-10,48,119624,5.0,False,
93605455,2016-10-11,48,119624,2.0,False,
93697969,2016-10-12,48,119624,4.0,False,
93788363,2016-10-13,48,119624,2.0,False,
93881706,2016-10-14,48,119624,4.0,False,
93984260,2016-10-15,48,119624,4.0,False,
94089880,2016-10-16,48,119624,1.0,False,
94187407,2016-10-17,48,119624,3.0,False,
94280760,2016-10-18,48,119624,2.0,False,
94465431,2016-10-20,48,119624,4.0,False,
94558983,2016-10-21,48,119624,3.0,False,
94659831,2016-10-22,48,119624,3.0,False,
94764025,2016-10-23,48,119624,7.0,False,
94860312,2016-10-24,48,119624,3.0,False,
94953870,2016-10-25,48,119624,1.0,False,
95045163,2016-10-26,48,119624,5.0,True,
95136839,2016-10-27,48,119624,7.0,True,
95229281,2016-10-28,48,119624,5.0,True,
95331627,2016-10-29,48,119624,16.0,True,
95435846,2016-10-30,48,119624,24.0,True,
95532630,2016-10-31,48,119624,9.0,True,
95633464,2016-11-01,48,119624,13.0,True,
95737624,2016-11-02,48,119624,19.0,True,
95838100,2016-11-03,48,119624,24.0,False,
95938885,2016-11-04,48,119624,22.0,True,
96040979,2016-11-05,48,119624,16.0,True,
96146578,2016-11-06,48,119624,20.0,True,
96247881,2016-11-07,48,119624,3.0,True,
96346455,2016-11-08,48,119624,4.0,True,
96443437,2016-11-09,48,119624,3.0,True,
96535444,2016-11-10,48,119624,4.0,True,
96628704,2016-11-11,48,119624,2.0,True,
96730915,2016-11-12,48,119624,12.0,True,
96837423,2016-11-13,48,119624,33.0,True,
96933800,2016-11-14,48,119624,9.0,True,
97027681,2016-11-15,48,119624,9.0,True,
97123503,2016-11-16,48,119624,15.0,True,
97215647,2016-11-17,48,119624,4.0,True,
97310084,2016-11-18,48,119624,3.0,True,
97413835,2016-11-19,48,119624,12.0,True,
97520146,2016-11-20,48,119624,14.0,True,
97620464,2016-11-21,48,119624,3.0,True,
97716677,2016-11-22,48,119624,4.0,True,
97812305,2016-11-23,48,119624,3.0,True,
97904356,2016-11-24,48,119624,3.0,True,
97998533,2016-11-25,48,119624,3.0,True,
98101774,2016-11-26,48,119624,12.0,True,
98206987,2016-11-27,48,119624,5.0,True,
98305488,2016-11-28,48,119624,4.0,True,
98400199,2016-11-29,48,119624,4.0,True,
98497421,2016-11-30,48,119624,10.0,True,
98599491,2016-12-01,48,119624,1.0,True,
98701045,2016-12-02,48,119624,7.0,True,
98812950,2016-12-03,48,119624,12.0,True,
98926419,2016-12-04,48,119624,17.0,True,
99031518,2016-12-05,48,119624,7.0,True,
99135538,2016-12-06,48,119624,24.0,True,
99237177,2016-12-07,48,119624,13.0,True,
99335472,2016-12-08,48,119624,2.0,False,
99435094,2016-12-09,48,119624,3.0,False,
99541940,2016-12-10,48,119624,6.0,False,
99652603,2016-12-11,48,119624,9.0,False,
99755439,2016-12-12,48,119624,1.0,False,
99855339,2016-12-13,48,119624,6.0,False,
99954682,2016-12-14,48,119624,5.0,False,
100054094,2016-12-15,48,119624,4.0,False,
100154814,2016-12-16,48,119624,5.0,False,
100264246,2016-12-17,48,119624,6.0,False,
100377830,2016-12-18,48,119624,7.0,False,
100485691,2016-12-19,48,119624,3.0,False,
100592632,2016-12-20,48,119624,7.0,False,
100700132,2016-12-21,48,119624,7.0,False,
100806915,2016-12-22,48,119624,12.0,False,
100916845,2016-12-23,48,119624,21.0,False,
101028241,2016-12-24,48,119624,44.0,False,
101136589,2016-12-26,48,119624,14.0,False,
101241664,2016-12-27,48,119624,5.0,False,
101347964,2016-12-28,48,119624,11.0,True,
101454099,2016-12-29,48,119624,10.0,True,
101564160,2016-12-30,48,119624,19.0,True,
101674624,2016-12-31,48,119624,36.0,True,
101900846,2017-01-03,48,119624,8.0,False,
102007753,2017-01-04,48,119624,8.0,False,
102110394,2017-01-05,48,119624,12.0,False,
102212861,2017-01-06,48,119624,5.0,False,
102323488,2017-01-07,48,119624,7.0,False,
102434414,2017-01-08,48,119624,7.0,False,
102538078,2017-01-09,48,119624,4.0,False,
102638777,2017-01-10,48,119624,13.0,False,
102738713,2017-01-11,48,119624,11.0,False,
102835941,2017-01-12,48,119624,11.0,False,
103045223,2017-01-14,48,119624,12.0,False,
103156546,2017-01-15,48,119624,13.0,False,
103261577,2017-01-16,48,119624,10.0,False,
103362879,2017-01-17,48,119624,14.0,False,
103463329,2017-01-18,48,119624,17.0,False,
103560422,2017-01-19,48,119624,15.0,False,
103658599,2017-01-20,48,119624,20.0,False,
103769056,2017-01-21,48,119624,3.0,False,
103879994,2017-01-22,48,119624,6.0,False,
103984728,2017-01-23,48,119624,1.0,False,
104185613,2017-01-25,48,119624,1.0,False,
104281850,2017-01-26,48,119624,1.0,False,
104381598,2017-01-27,48,119624,7.0,False,
104491863,2017-01-28,48,119624,9.0,False,
104603154,2017-01-29,48,119624,7.0,False,
104705773,2017-01-30,48,119624,2.0,False,
104810502,2017-01-31,48,119624,2.0,False,
104918586,2017-02-01,48,119624,21.0,True,
105024160,2017-02-02,48,119624,10.0,False,
105129366,2017-02-03,48,119624,20.0,False,
105243534,2017-02-04,48,119624,15.0,False,
105356343,2017-02-05,48,119624,22.0,False,
105461850,2017-02-06,48,119624,16.0,False,
105564979,2017-02-07,48,119624,23.0,False,
105765043,2017-02-09,48,119624,11.0,False,
105865416,2017-02-10,48,119624,14.0,False,
105975091,2017-02-11,48,119624,18.0,False,
106086102,2017-02-12,48,119624,20.0,False,
106191440,2017-02-13,48,119624,16.0,False,
106290996,2017-02-14,48,119624,24.0,False,
106392359,2017-02-15,48,119624,15.0,False,
106492094,2017-02-16,48,119624,26.0,False,
106593381,2017-02-17,48,119624,14.0,False,
106703932,2017-02-18,48,119624,24.0,False,
106809739,2017-02-19,48,119624,25.0,False,
106912761,2017-02-20,48,119624,12.0,False,
107115388,2017-02-22,48,119624,17.0,False,
107216555,2017-02-23,48,119624,23.0,False,
107320567,2017-02-24,48,119624,14.0,False,
107432833,2017-02-25,48,119624,11.0,False,
107536543,2017-02-26,48,119624,19.0,False,
107854221,2017-03-01,48,119624,3.0,False,
107961296,2017-03-02,48,119624,12.0,False,
108067249,2017-03-03,48,119624,9.0,False,
108180310,2017-03-04,48,119624,15.0,False,
108292632,2017-03-05,48,119624,9.0,False,
108396802,2017-03-06,48,119624,13.0,False,
108499382,2017-03-07,48,119624,10.0,False,
108600605,2017-03-08,48,119624,14.0,False,
108700236,2017-03-09,48,119624,13.0,False,
108801538,2017-03-10,48,119624,12.0,False,
108910795,2017-03-11,48,119624,10.0,False,
109533004,2017-03-17,48,119624,6.0,False,
109643710,2017-03-18,48,119624,8.0,False,
109755024,2017-03-19,48,119624,13.0,False,
109860763,2017-03-20,48,119624,5.0,False,
109963223,2017-03-21,48,119624,9.0,False,
110063905,2017-03-22,48,119624,7.0,False,
110263222,2017-03-24,48,119624,8.0,False,
110373571,2017-03-25,48,119624,9.0,False,
110483406,2017-03-26,48,119624,5.0,False,
110686905,2017-03-28,48,119624,12.0,False,
110789027,2017-03-29,48,119624,8.0,False,
110888927,2017-03-30,48,119624,7.0,False,
110993858,2017-03-31,48,119624,5.0,False,
111110657,2017-04-01,48,119624,9.0,False,
111222122,2017-04-02,48,119624,7.0,False,
111326591,2017-04-03,48,119624,14.0,False,
111431806,2017-04-04,48,119624,9.0,False,
111535763,2017-04-05,48,119624,8.0,False,
111637008,2017-04-06,48,119624,7.0,False,
111738169,2017-04-07,48,119624,8.0,False,
111847749,2017-04-08,48,119624,9.0,False,
111957819,2017-04-09,48,119624,10.0,False,
112060547,2017-04-10,48,119624,12.0,False,
112161598,2017-04-11,48,119624,3.0,False,
112261496,2017-04-12,48,119624,7.0,False,
112364050,2017-04-13,48,119624,6.0,False,
112465391,2017-04-14,48,119624,10.0,False,
112573529,2017-04-15,48,119624,4.0,False,
112681813,2017-04-16,48,119624,6.0,False,
112786202,2017-04-17,48,119624,3.0,False,
112887662,2017-04-18,48,119624,1.0,False,
112986664,2017-04-19,48,119624,1.0,False,
113086332,2017-04-20,48,119624,4.0,False,
113190226,2017-04-21,48,119624,1.0,False,
113301283,2017-04-22,48,119624,15.0,False,
113414843,2017-04-23,48,119624,11.0,False,
113520428,2017-04-24,48,119624,4.0,False,
113623667,2017-04-25,48,119624,2.0,False,
113726683,2017-04-26,48,119624,3.0,False,
113827258,2017-04-27,48,119624,3.0,False,
113931036,2017-04-28,48,119624,6.0,False,
114045826,2017-04-29,48,119624,11.0,False,
114159157,2017-04-30,48,119624,1.0,False,
114276012,2017-05-01,48,119624,7.0,False,
114386038,2017-05-02,48,119624,4.0,False,
114493284,2017-05-03,48,119624,2.0,False,
114596542,2017-05-04,48,119624,6.0,False,
114698968,2017-05-05,48,119624,7.0,False,
114811642,2017-05-06,48,119624,13.0,False,
114926798,2017-05-07,48,119624,11.0,False,
115032482,2017-05-08,48,119624,2.0,False,
115135204,2017-05-09,48,119624,4.0,False,
115236776,2017-05-10,48,119624,1.0,False,
115336598,2017-05-11,48,119624,4.0,False,
115437474,2017-05-12,48,119624,12.0,False,
115550383,2017-05-13,48,119624,11.0,False,
115659568,2017-05-14,48,119624,10.0,False,
115766059,2017-05-15,48,119624,4.0,False,
115872397,2017-05-16,48,119624,4.0,False,
116076465,2017-05-18,48,119624,8.0,False,
116178066,2017-05-19,48,119624,7.0,False,
116290199,2017-05-20,48,119624,8.0,False,
116404966,2017-05-21,48,119624,7.0,False,
116511341,2017-05-22,48,119624,4.0,False,
116614683,2017-05-23,48,119624,6.0,False,
116815097,2017-05-25,48,119624,2.0,False,
116923704,2017-05-26,48,119624,11.0,True,
117035078,2017-05-27,48,119624,7.0,True,
118222562,2017-06-07,48,119624,3.0,False,
118322350,2017-06-08,48,119624,1.0,False,
118423808,2017-06-09,48,119624,6.0,False,
118533372,2017-06-10,48,119624,1.0,False,
118646877,2017-06-11,48,119624,7.0,False,
118751489,2017-06-12,48,119624,5.0,False,
118953186,2017-06-14,48,119624,3.0,False,
119054266,2017-06-15,48,119624,5.0,False,
119157835,2017-06-16,48,119624,3.0,False,
119270741,2017-06-17,48,119624,11.0,False,
119381306,2017-06-18,48,119624,8.0,False,
119486618,2017-06-19,48,119624,5.0,False,
119590491,2017-06-20,48,119624,2.0,False,
119692382,2017-06-21,48,119624,5.0,True,
119791342,2017-06-22,48,119624,5.0,True,
119892957,2017-06-23,48,119624,3.0,True,
120003624,2017-06-24,48,119624,10.0,True,
120115794,2017-06-25,48,119624,4.0,True,
120220454,2017-06-26,48,119624,4.0,True,
120322046,2017-06-27,48,119624,9.0,True,
120422934,2017-06-28,48,119624,5.0,True,
120523077,2017-06-29,48,119624,3.0,True,
120627067,2017-06-30,48,119624,5.0,True,
120743659,2017-07-01,48,119624,4.0,True,
120860927,2017-07-02,48,119624,8.0,True,
120971705,2017-07-03,48,119624,4.0,True,
121078809,2017-07-04,48,119624,11.0,True,
121183776,2017-07-05,48,119624,12.0,True,
121286842,2017-07-06,48,119624,8.0,True,
121390006,2017-07-07,48,119624,3.0,True,
121501144,2017-07-08,48,119624,7.0,True,
121613282,2017-07-09,48,119624,4.0,True,
121719395,2017-07-10,48,119624,3.0,True,
121821418,2017-07-11,48,119624,9.0,True,
121922507,2017-07-12,48,119624,7.0,True,
122021043,2017-07-13,48,119624,5.0,False,
122121998,2017-07-14,48,119624,8.0,False,
122231985,2017-07-15,48,119624,5.0,False,
122343694,2017-07-16,48,119624,7.0,False,
122449326,2017-07-17,48,119624,2.0,False,
122551462,2017-07-18,48,119624,4.0,False,
122652184,2017-07-19,48,119624,8.0,False,
122752798,2017-07-20,48,119624,9.0,False,
122854284,2017-07-21,48,119624,5.0,False,
122963167,2017-07-22,48,119624,6.0,False,
123073115,2017-07-23,48,119624,7.0,False,
123179369,2017-07-24,48,119624,3.0,False,
123281317,2017-07-25,48,119624,9.0,False,
123381088,2017-07-26,48,119624,2.0,False,
123479143,2017-07-27,48,119624,3.0,False,
123581156,2017-07-28,48,119624,6.0,False,
123691426,2017-07-29,48,119624,7.0,False,
123802768,2017-07-30,48,119624,8.0,False,
124019476,2017-08-01,48,119624,6.0,False,
124126806,2017-08-02,48,119624,13.0,False,
124229935,2017-08-03,48,119624,5.0,False,
124333506,2017-08-04,48,119624,9.0,False,
124443544,2017-08-05,48,119624,12.0,False,
124554182,2017-08-06,48,119624,12.0,False,
124659345,2017-08-07,48,119624,5.0,False,
124761053,2017-08-08,48,119624,15.0,False,
124861809,2017-08-09,48,119624,7.0,False,
124960757,2017-08-10,48,119624,3.0,False,
125064185,2017-08-11,48,119624,6.0,False,
125169457,2017-08-12,48,119624,8.0,False,
125275136,2017-08-13,48,119624,11.0,False,
125379042,2017-08-14,48,119624,4.0,False,
125481908,2017-08-15,48,119624,4.0,False,
